date,total_system_load,hhs_care,cbp_custody,net_daily_intake,transferred_out_cbp,discharged_hhs,observed_days
2023-01-15,6701.8,6649.4,52.4,-402.0,34.0,436.0,1
2023-01-22,7005.400000000001,6955.2,50.199999999999996,-188.0,39.0,227.0,1
2023-01-29,7499.642857142857,7462.571428571428,37.07142857142857,-701.0,138.0,839.0,4
2023-02-05,7794.714285714285,7768.428571428572,26.285714285714285,-1095.0,130.0,1225.0,5
2023-02-12,7898.0,7739.142857142857,158.85714285714286,-848.0,535.0,1383.0,5
2023-02-19,7999.571428571428,7764.857142857143,234.71428571428572,-401.0,717.0,1118.0,4
2023-02-26,8046.571428571428,7829.714285714285,216.85714285714286,-378.0,985.0,1363.0,5
2023-03-05,8085.457142857143,7870.400000000001,215.05714285714288,-370.0,720.0,1090.0,4
2023-03-12,8016.685714285714,7774.385714285714,242.29999999999998,-421.0,469.0,890.0,3
2023-03-19,8130.571428571428,7862.857142857143,267.7142857142857,-365.0,965.0,1330.0,5
2023-03-26,8268.857142857143,7996.571428571428,272.2857142857143,-498.0,931.0,1429.0,5
2023-04-02,8308.57142857143,8079.857142857143,228.71428571428572,-547.0,841.0,1388.0,5
2023-04-09,8275.714285714286,8064.714285714285,211.0,-575.0,841.0,1416.0,5
2023-04-16,7941.714285714285,7710.571428571428,231.14285714285714,-516.0,861.0,1377.0,5
2023-04-23,7747.428571428572,7446.285714285715,301.14285714285717,-239.0,1058.0,1297.0,5
2023-04-30,8401.285714285714,8136.0,265.2857142857143,-259.0,1015.0,1274.0,5
2023-05-07,8939.142857142857,8628.57142857143,310.57142857142856,-354.0,1102.0,1456.0,5
2023-05-14,8903.857142857143,8587.285714285714,316.57142857142856,-409.0,1086.0,1495.0,5
2023-05-21,8522.285714285714,8330.285714285714,192.0,-684.0,866.0,1550.0,5
2023-05-28,7609.785714285715,7529.142857142857,80.64285714285714,-820.0,350.0,1170.0,4
2023-06-04,6971.714285714285,6887.0,84.71428571428571,-798.0,366.0,1164.0,5
2023-06-11,6501.285714285715,6345.714285714285,155.57142857142858,-476.0,601.0,1077.0,5
2023-06-18,6043.357142857143,5965.785714285715,77.57142857142857,-360.0,402.0,762.0,4
2023-06-25,6017.571428571428,5849.857142857143,167.71428571428572,-347.0,548.0,895.0,5
2023-07-02,6190.857142857143,5951.0,239.85714285714286,-124.0,901.0,1025.0,5
2023-07-09,6396.214285714285,6177.285714285715,218.92857142857142,109.0,801.0,692.0,4
2023-07-16,6714.857142857143,6501.285714285715,213.57142857142858,-80.0,880.0,960.0,5
2023-07-23,7222.571428571428,6977.571428571428,245.0,-182.0,942.0,1124.0,5
2023-07-30,7887.428571428572,7603.857142857143,283.57142857142856,-190.0,912.0,1102.0,5
2023-08-06,8421.285714285714,8192.57142857143,228.71428571428572,-496.0,824.0,1320.0,5
2023-08-13,9151.285714285714,8926.0,225.28571428571428,-338.0,675.0,1013.0,4
2023-08-20,9783.42857142857,9556.57142857143,226.85714285714286,-551.0,534.0,1085.0,3
2023-08-27,10153.714285714286,9922.57142857143,231.14285714285714,-866.0,861.0,1727.0,5
2023-09-03,10414.142857142857,10114.857142857143,299.2857142857143,-674.0,871.0,1545.0,4
2023-09-10,10544.285714285714,10269.714285714286,274.57142857142856,-588.0,1019.0,1607.0,5
2023-09-17,11026.714285714286,10727.285714285714,299.42857142857144,-711.0,1066.0,1777.0,5
2023-09-24,11285.857142857143,10953.285714285714,332.57142857142856,-699.0,1069.0,1768.0,5
2023-10-01,11060.285714285714,10857.285714285714,203.0,-918.0,969.0,1887.0,5
2023-10-08,11032.714285714286,10936.07142857143,96.64285714285714,-909.0,419.0,1328.0,4
2023-10-15,10907.285714285714,10830.142857142857,77.14285714285714,-1287.0,350.0,1637.0,5
2023-10-22,10352.857142857143,10202.857142857143,150.0,-1386.0,513.0,1899.0,5
2023-10-29,9311.57142857143,9214.714285714286,96.85714285714286,-1158.0,570.0,1728.0,5
2023-11-05,9427.57142857143,9254.0,173.57142857142858,-887.0,665.0,1552.0,5
2023-11-12,9710.92857142857,9506.642857142857,204.28571428571428,-399.0,771.0,1170.0,4
2023-11-19,9835.142857142857,9658.142857142857,177.0,-858.0,801.0,1659.0,5
2023-11-26,10020.714285714286,9804.142857142857,216.57142857142858,-480.0,663.0,1143.0,4
2023-12-03,10569.142857142857,10424.857142857143,144.28571428571428,-918.0,540.0,1458.0,5
2023-12-10,11050.142857142857,10823.42857142857,226.71428571428572,-826.0,961.0,1787.0,5
2023-12-17,11302.142857142857,11133.57142857143,168.57142857142858,-880.0,870.0,1750.0,5
2023-12-24,11513.214285714286,11301.357142857143,211.85714285714286,-901.0,622.0,1523.0,4
2023-12-31,11254.5,11135.285714285714,119.21428571428571,-872.0,455.0,1327.0,4
2024-01-07,10548.0,10402.0,146.0,-963.0,635.0,1598.0,5
2024-01-14,8955.714285714286,8892.42857142857,63.285714285714285,-1201.0,277.0,1478.0,4
2024-01-21,8184.857142857143,8038.571428571428,146.28571428571428,-985.0,520.0,1505.0,5
2024-01-28,8326.142857142857,8103.0,223.14285714285714,-481.0,786.0,1267.0,5
2024-02-04,8428.142857142857,8010.0,418.14285714285717,-158.0,1169.0,1327.0,5
2024-02-11,8566.714285714286,8080.714285714285,486.0,278.0,1582.0,1304.0,5
2024-02-18,8814.357142857143,8382.785714285714,431.57142857142856,397.0,1333.0,936.0,4
2024-02-25,8924.57142857143,8494.714285714286,429.85714285714283,357.0,1620.0,1263.0,5
2024-03-03,9066.714285714286,8627.0,439.7142857142857,162.0,1607.0,1445.0,5
2024-03-10,9226.285714285714,8794.57142857143,431.7142857142857,263.0,1616.0,1353.0,5
2024-03-17,8952.142857142857,8650.714285714286,301.42857142857144,-99.0,1258.0,1357.0,5
2024-03-24,8449.42857142857,8210.0,239.42857142857142,-335.0,980.0,1315.0,5
2024-03-31,7948.285714285715,7678.428571428572,269.85714285714283,-291.0,1008.0,1299.0,5
2024-04-07,7454.285714285715,7222.142857142857,232.14285714285714,-50.0,921.0,971.0,5
2024-04-14,7107.285714285715,6873.428571428572,233.85714285714286,-142.0,989.0,1131.0,5
2024-04-21,7072.428571428572,6719.571428571428,352.85714285714283,175.0,1256.0,1081.0,5
2024-04-28,7511.714285714285,7129.714285714285,382.0,594.0,1563.0,969.0,5
2024-05-05,7854.857142857143,7480.0,374.85714285714283,227.0,1265.0,1038.0,5
2024-05-12,7840.428571428572,7523.714285714285,316.7142857142857,134.0,1193.0,1059.0,5
2024-05-19,7825.857142857143,7496.571428571428,329.2857142857143,78.0,1218.0,1140.0,5
2024-05-26,7741.357142857143,7432.642857142857,308.7142857142857,207.0,979.0,772.0,4
2024-06-02,7874.0,7498.857142857143,375.14285714285717,355.0,1310.0,955.0,5
2024-06-09,7915.857142857143,7605.142857142857,310.7142857142857,-3.0,1172.0,1175.0,5
2024-06-16,7764.285714285715,7454.571428571428,309.7142857142857,57.0,1190.0,1133.0,5
2024-06-23,7617.571428571428,7349.571428571428,268.0,50.0,1215.0,1165.0,5
2024-06-30,7362.714285714285,7141.428571428572,221.28571428571428,-149.0,983.0,1132.0,5
2024-07-07,6956.928571428572,6747.5,209.42857142857142,-80.0,771.0,851.0,4
2024-07-14,6721.714285714285,6544.714285714285,177.0,-63.0,801.0,864.0,5
2024-07-21,6389.714285714285,6176.714285714285,213.0,-130.0,663.0,793.0,4
2024-07-28,6140.285714285715,5898.285714285715,242.0,-128.0,854.0,982.0,5
2024-08-04,6176.285714285715,5947.142857142857,229.14285714285714,197.0,945.0,748.0,5
2024-08-11,6234.142857142857,5991.714285714285,242.42857142857142,8.0,898.0,890.0,5
2024-08-18,6136.714285714285,5900.428571428572,236.28571428571428,79.0,926.0,847.0,5
2024-08-25,6313.742857142856,6031.657142857142,282.0857142857143,182.0,779.0,597.0,4
2024-09-01,6489.471428571429,6203.4857142857145,285.9857142857143,188.0,588.0,400.0,3
2024-09-08,6584.714285714285,6337.0,247.71428571428572,236.0,933.0,697.0,5
2024-09-15,6577.571428571428,6337.0,240.57142857142858,-26.0,1134.0,1160.0,6
2024-09-22,6400.714285714285,6174.142857142857,226.57142857142858,-12.0,846.0,858.0,5
2024-09-29,6230.857142857143,6015.0,215.85714285714286,51.0,890.0,839.0,5
2024-10-06,6264.142857142857,6049.285714285715,214.85714285714286,168.0,809.0,641.0,4
2024-10-13,6195.857142857143,5993.714285714285,202.14285714285714,114.0,896.0,782.0,5
2024-10-20,6241.571428571428,5996.0,245.57142857142858,192.0,889.0,697.0,5
2024-10-27,6307.714285714285,6019.5,288.2142857142857,110.0,703.0,593.0,4
2024-11-03,6314.0,6077.0,237.0,127.0,930.0,803.0,5
2024-11-10,6255.857142857143,6041.785714285715,214.07142857142858,112.0,684.0,572.0,4
2024-11-17,6151.857142857143,5940.857142857143,211.0,40.0,841.0,801.0,5
2024-11-24,6026.857142857143,5795.714285714285,231.14285714285714,12.0,861.0,849.0,5
2024-12-01,6201.285714285715,5900.142857142857,301.14285714285717,314.0,1058.0,744.0,5
2024-12-08,6510.142857142857,6244.857142857143,265.2857142857143,356.0,1015.0,659.0,5
2024-12-15,6704.571428571428,6394.0,310.57142857142856,209.0,1102.0,893.0,5
2024-12-22,6880.571428571428,6564.0,316.57142857142856,146.0,1086.0,940.0,5
2024-12-29,6792.428571428572,6600.428571428572,192.0,22.0,866.0,844.0,5
2025-01-05,6322.214285714285,6233.785714285715,88.42857142857143,-326.0,350.0,676.0,4
2025-01-12,5552.571428571428,5467.857142857143,84.71428571428571,-540.0,366.0,906.0,5
2025-01-19,4998.0,4842.428571428572,155.57142857142858,-218.0,601.0,819.0,5
2025-01-26,4619.714285714285,4543.857142857143,75.85714285714286,-207.0,413.0,620.0,5
2025-02-02,3912.1428571428573,3872.1428571428573,40.0,-454.0,200.0,654.0,5
2025-02-09,3199.285714285714,3167.1428571428573,32.142857142857146,-398.0,126.0,524.0,5
2025-02-16,2721.5714285714284,2705.785714285714,15.785714285714286,-181.0,70.0,251.0,4
2025-02-23,2516.714285714286,2497.4285714285716,19.285714285714285,-45.0,65.0,110.0,5
2025-03-02,2391.5714285714284,2373.285714285714,18.285714285714285,-95.0,43.0,138.0,5
2025-03-09,2240.714285714286,2215.285714285714,25.428571428571427,-105.0,53.0,158.0,5
2025-03-16,2133.5714285714284,2117.1428571428573,16.428571428571427,-28.0,34.0,62.0,5
2025-03-23,2146.714285714286,2122.714285714286,24.0,6.0,40.0,34.0,5
2025-03-30,2181.1428571428573,2162.4285714285716,18.714285714285715,32.0,51.0,19.0,5
2025-04-06,2239.714285714286,2215.1428571428573,24.571428571428573,17.0,56.0,39.0,5
2025-04-13,2284.714285714286,2260.1428571428573,24.571428571428573,29.0,66.0,37.0,6
2025-04-20,2314.5714285714284,2292.1428571428573,22.428571428571427,-4.0,42.0,46.0,5
2025-04-27,2324.0,2300.4285714285716,23.571428571428573,-9.0,42.0,51.0,5
2025-05-04,2344.714285714286,2314.5714285714284,30.142857142857142,0.0,56.0,56.0,5
2025-05-11,2384.5714285714284,2356.714285714286,27.857142857142858,22.0,79.0,57.0,5
2025-05-18,2440.5714285714284,2410.5714285714284,30.0,16.0,68.0,52.0,5
2025-05-25,2511.1857142857143,2473.6,37.58571428571429,8.0,47.0,39.0,3
2025-06-01,2540.3142857142857,2509.828571428571,30.485714285714288,2.0,50.0,48.0,4
2025-06-08,2530.714285714286,2510.4285714285716,20.285714285714285,-36.0,45.0,81.0,5
2025-06-15,2541.163265306123,2515.387755102041,25.77551020408163,0.0,21.0,21.0,2
2025-06-22,2529.7653061224487,2510.612244897959,19.153061224489797,-17.0,22.0,39.0,3
2025-06-29,2467.5714285714284,2453.4285714285716,14.142857142857142,-86.0,26.0,112.0,5
2025-07-06,2384.1428571428573,2365.785714285714,18.357142857142858,-59.0,25.0,84.0,4
2025-07-13,2274.0,2259.4285714285716,14.571428571428571,-98.0,23.0,121.0,5
2025-07-20,2167.5714285714284,2154.285714285714,13.285714285714286,-63.0,8.0,71.0,4
2025-07-27,2118.4285714285716,2102.4285714285716,16.0,-55.0,24.0,79.0,5
2025-08-03,2075.8571428571427,2061.285714285714,14.571428571428571,-43.0,19.0,62.0,5
2025-08-10,2046.2857142857142,2027.4285714285713,18.857142857142858,-32.0,38.0,70.0,5
2025-08-17,2018.5714285714287,1995.0,23.571428571428573,-25.0,31.0,56.0,5
2025-08-24,2012.4285714285713,1979.142857142857,33.285714285714285,-29.0,32.0,61.0,5
2025-08-31,2018.2857142857142,1990.2857142857142,28.0,-19.0,43.0,62.0,4
2025-09-07,2048.8571428571427,2018.7142857142858,30.142857142857142,3.0,48.0,45.0,5
2025-09-14,2085.8571428571427,2047.5714285714287,38.285714285714285,23.0,72.0,49.0,5
2025-09-21,2146.285714285714,2105.285714285714,41.0,2.0,56.0,54.0,5
2025-09-28,2174.5714285714284,2140.0,34.57142857142857,-9.0,60.0,69.0,5
2025-10-05,2202.285714285714,2165.4285714285716,36.857142857142854,-2.0,64.0,66.0,5
2025-10-12,2240.4285714285716,2197.5,42.92857142857143,-2.0,47.0,49.0,4
2025-10-19,2262.8571428571427,2231.8571428571427,31.0,20.0,65.0,45.0,5
2025-10-26,2297.5714285714284,2262.714285714286,34.857142857142854,18.0,74.0,56.0,5
2025-11-02,2304.285714285714,2282.285714285714,22.0,-6.0,47.0,53.0,5
2025-11-09,2308.714285714286,2275.285714285714,33.42857142857143,-17.0,33.0,50.0,5
2025-11-16,2346.1428571428573,2314.8571428571427,31.285714285714285,20.0,51.0,31.0,4
2025-11-23,2395.5714285714284,2351.1428571428573,44.42857142857143,7.0,47.0,40.0,5
2025-11-30,2420.3571428571427,2390.8571428571427,29.5,10.0,41.0,31.0,4
2025-12-07,2449.714285714286,2418.5714285714284,31.142857142857142,-11.0,38.0,49.0,5
2025-12-14,2485.0,2445.714285714286,39.285714285714285,-5.0,34.0,39.0,5
2025-12-21,2513.4285714285716,2475.8571428571427,37.57142857142857,-4.0,52.0,56.0,5
