date,target,model,forecast
2025-12-22,Total System Load,Moving Average,2499.214285714286
2025-12-23,Total System Load,Moving Average,2499.214285714286
2025-12-24,Total System Load,Moving Average,2499.214285714286
2025-12-25,Total System Load,Moving Average,2499.214285714286
2025-12-26,Total System Load,Moving Average,2499.214285714286
2025-12-27,Total System Load,Moving Average,2499.214285714286
2025-12-28,Total System Load,Moving Average,2499.214285714286
2025-12-29,Total System Load,Moving Average,2499.214285714286
2025-12-30,Total System Load,Moving Average,2499.214285714286
2025-12-31,Total System Load,Moving Average,2499.214285714286
2026-01-01,Total System Load,Moving Average,2499.214285714286
2026-01-02,Total System Load,Moving Average,2499.214285714286
2026-01-03,Total System Load,Moving Average,2499.214285714286
2026-01-04,Total System Load,Moving Average,2499.214285714286
2026-01-05,Total System Load,Moving Average,2499.214285714286
2026-01-06,Total System Load,Moving Average,2499.214285714286
2026-01-07,Total System Load,Moving Average,2499.214285714286
2026-01-08,Total System Load,Moving Average,2499.214285714286
2026-01-09,Total System Load,Moving Average,2499.214285714286
2026-01-10,Total System Load,Moving Average,2499.214285714286
2026-01-11,Total System Load,Moving Average,2499.214285714286
2026-01-12,Total System Load,Moving Average,2499.214285714286
2026-01-13,Total System Load,Moving Average,2499.214285714286
2026-01-14,Total System Load,Moving Average,2499.214285714286
2026-01-15,Total System Load,Moving Average,2499.214285714286
2026-01-16,Total System Load,Moving Average,2499.214285714286
2026-01-17,Total System Load,Moving Average,2499.214285714286
2026-01-18,Total System Load,Moving Average,2499.214285714286
2026-01-19,Total System Load,Moving Average,2499.214285714286
2026-01-20,Total System Load,Moving Average,2499.214285714286
2025-12-22,Total System Load,Random Forest,2502.8049363368395
2025-12-23,Total System Load,Random Forest,2502.3743963368393
2025-12-24,Total System Load,Random Forest,2501.6654668611295
2025-12-25,Total System Load,Random Forest,2500.9073473448793
2025-12-26,Total System Load,Random Forest,2499.5697251755673
2025-12-27,Total System Load,Random Forest,2498.0665159692176
2025-12-28,Total System Load,Random Forest,2497.659437450699
2025-12-29,Total System Load,Random Forest,2499.7366255431884
2025-12-30,Total System Load,Random Forest,2500.096874432077
2025-12-31,Total System Load,Random Forest,2500.7377316230345
2026-01-01,Total System Load,Random Forest,2537.915023746996
2026-01-02,Total System Load,Random Forest,2576.963953540322
2026-01-03,Total System Load,Random Forest,2584.2232661464986
2026-01-04,Total System Load,Random Forest,2584.6372731759775
2026-01-05,Total System Load,Random Forest,2583.510552923796
2026-01-06,Total System Load,Random Forest,2583.510552923796
2026-01-07,Total System Load,Random Forest,2583.1652694770837
2026-01-08,Total System Load,Random Forest,2580.72277128626
2026-01-09,Total System Load,Random Forest,2578.662238596853
2026-01-10,Total System Load,Random Forest,2579.4500414828553
2026-01-11,Total System Load,Random Forest,2579.9139494193632
2026-01-12,Total System Load,Random Forest,2579.325849439977
2026-01-13,Total System Load,Random Forest,2578.8856509138996
2026-01-14,Total System Load,Random Forest,2578.751088215488
2026-01-15,Total System Load,Random Forest,2579.152593286606
2026-01-16,Total System Load,Random Forest,2579.163337236308
2026-01-17,Total System Load,Random Forest,2579.918111550882
2026-01-18,Total System Load,Random Forest,2580.569921074691
2026-01-19,Total System Load,Random Forest,2580.3068299079214
2026-01-20,Total System Load,Random Forest,2580.3068299079214
2025-12-22,Total System Load,Exponential Smoothing,2501.5477757828226
2025-12-23,Total System Load,Exponential Smoothing,2501.095551451322
2025-12-24,Total System Load,Exponential Smoothing,2500.643327119821
2025-12-25,Total System Load,Exponential Smoothing,2500.1911027883207
2025-12-26,Total System Load,Exponential Smoothing,2499.73887845682
2025-12-27,Total System Load,Exponential Smoothing,2499.2866541253197
2025-12-28,Total System Load,Exponential Smoothing,2498.834429793819
2025-12-29,Total System Load,Exponential Smoothing,2498.3822054623183
2025-12-30,Total System Load,Exponential Smoothing,2497.929981130818
2025-12-31,Total System Load,Exponential Smoothing,2497.4777567993174
2026-01-01,Total System Load,Exponential Smoothing,2497.025532467817
2026-01-02,Total System Load,Exponential Smoothing,2496.573308136316
2026-01-03,Total System Load,Exponential Smoothing,2496.1210838048155
2026-01-04,Total System Load,Exponential Smoothing,2495.668859473315
2026-01-05,Total System Load,Exponential Smoothing,2495.2166351418145
2026-01-06,Total System Load,Exponential Smoothing,2494.764410810314
2026-01-07,Total System Load,Exponential Smoothing,2494.312186478813
2026-01-08,Total System Load,Exponential Smoothing,2493.8599621473127
2026-01-09,Total System Load,Exponential Smoothing,2493.407737815812
2026-01-10,Total System Load,Exponential Smoothing,2492.9555134843117
2026-01-11,Total System Load,Exponential Smoothing,2492.503289152811
2026-01-12,Total System Load,Exponential Smoothing,2492.0510648213103
2026-01-13,Total System Load,Exponential Smoothing,2491.59884048981
2026-01-14,Total System Load,Exponential Smoothing,2491.1466161583094
2026-01-15,Total System Load,Exponential Smoothing,2490.694391826809
2026-01-16,Total System Load,Exponential Smoothing,2490.242167495308
2026-01-17,Total System Load,Exponential Smoothing,2489.7899431638075
2026-01-18,Total System Load,Exponential Smoothing,2489.337718832307
2026-01-19,Total System Load,Exponential Smoothing,2488.8854945008065
2026-01-20,Total System Load,Exponential Smoothing,2488.4332701693056
2025-12-22,Total System Load,SARIMA,2502.5447307318523
2025-12-23,Total System Load,SARIMA,2504.6990818531362
2025-12-24,Total System Load,SARIMA,2503.0577104938807
2025-12-25,Total System Load,SARIMA,2500.5084591946143
2025-12-26,Total System Load,SARIMA,2498.0290248123592
2025-12-27,Total System Load,SARIMA,2495.813308628083
2025-12-28,Total System Load,SARIMA,2493.791625508435
2025-12-29,Total System Load,SARIMA,2495.6540709363553
2025-12-30,Total System Load,SARIMA,2499.0183206596985
2025-12-31,Total System Load,SARIMA,2498.487853376744
2026-01-01,Total System Load,SARIMA,2496.958611411022
2026-01-02,Total System Load,SARIMA,2495.415728674146
2026-01-03,Total System Load,SARIMA,2494.0599349980434
2026-01-04,Total System Load,SARIMA,2492.8278150847727
2026-01-05,Total System Load,SARIMA,2495.4152212515264
2026-01-06,Total System Load,SARIMA,2499.4451150532723
2026-01-07,Total System Load,SARIMA,2499.5258285079476
2026-01-08,Total System Load,SARIMA,2498.5577601576297
2026-01-09,Total System Load,SARIMA,2497.5301355223864
2026-01-10,Total System Load,SARIMA,2496.6474412650928
2026-01-11,Total System Load,SARIMA,2495.849711532913
2026-01-12,Total System Load,SARIMA,2498.8359658527743
2026-01-13,Total System Load,SARIMA,2503.2320738466506
2026-01-14,Total System Load,SARIMA,2503.6490376599468
2026-01-15,Total System Load,SARIMA,2502.9897074910054
2026-01-16,Total System Load,SARIMA,2502.2455599203836
2026-01-17,Total System Load,SARIMA,2501.623148488518
2026-01-18,Total System Load,SARIMA,2501.064405107151
2026-01-19,Total System Load,SARIMA,2504.270091791713
2026-01-20,Total System Load,SARIMA,2508.867678081377
2025-12-22,Total System Load,Prophet,3185.6160051199586
2025-12-23,Total System Load,Prophet,3235.7812507975195
2025-12-24,Total System Load,Prophet,3244.3818030986968
2025-12-25,Total System Load,Prophet,3192.4133469335093
2025-12-26,Total System Load,Prophet,3101.5904846317917
2025-12-27,Total System Load,Prophet,3000.45621624417
2025-12-28,Total System Load,Prophet,2888.6751611136224
2025-12-29,Total System Load,Prophet,2840.85339660912
2025-12-30,Total System Load,Prophet,2817.320568375491
2025-12-31,Total System Load,Prophet,2754.2428906999558
2026-01-01,Total System Load,Prophet,2633.6917726167103
2026-01-02,Total System Load,Prophet,2478.4168938543
2026-01-03,Total System Load,Prophet,2317.9345121585047
2026-01-04,Total System Load,Prophet,2152.800735336921
2026-01-05,Total System Load,Prophet,2058.413097399228
2026-01-06,Total System Load,Prophet,1995.7765169692852
2026-01-07,Total System Load,Prophet,1901.6026302730156
2026-01-08,Total System Load,Prophet,1758.3675486909715
2026-01-09,Total System Load,Prophet,1589.0771123377376
2026-01-10,Total System Load,Prophet,1423.3505955376838
2026-01-11,Total System Load,Prophet,1261.6926947517406
2026-01-12,Total System Load,Prophet,1179.297156207027
2026-01-13,Total System Load,Prophet,1136.8180598030253
2026-01-14,Total System Load,Prophet,1070.4776123291244
2026-01-15,Total System Load,Prophet,962.1352868433045
2026-01-16,Total System Load,Prophet,834.0670982711483
2026-01-17,Total System Load,Prophet,715.0656287565074
2026-01-18,Total System Load,Prophet,604.7302388264488
2026-01-19,Total System Load,Prophet,577.2903850632155
2026-01-20,Total System Load,Prophet,592.3975932490055
2025-12-22,Total System Load,XGBoost,2496.109375
2025-12-23,Total System Load,XGBoost,2505.51611328125
2025-12-24,Total System Load,XGBoost,2500.253173828125
2025-12-25,Total System Load,XGBoost,2501.6767578125
2025-12-26,Total System Load,XGBoost,2500.77783203125
2025-12-27,Total System Load,XGBoost,2498.025146484375
2025-12-28,Total System Load,XGBoost,2497.21484375
2025-12-29,Total System Load,XGBoost,2496.109375
2025-12-30,Total System Load,XGBoost,2505.51611328125
2025-12-31,Total System Load,XGBoost,2500.253173828125
2026-01-01,Total System Load,XGBoost,2498.32177734375
2026-01-02,Total System Load,XGBoost,2498.27294921875
2026-01-03,Total System Load,XGBoost,2496.33447265625
2026-01-04,Total System Load,XGBoost,2496.374267578125
2026-01-05,Total System Load,XGBoost,2494.259033203125
2026-01-06,Total System Load,XGBoost,2501.6044921875
2026-01-07,Total System Load,XGBoost,2497.677978515625
2026-01-08,Total System Load,XGBoost,2498.32177734375
2026-01-09,Total System Load,XGBoost,2498.27294921875
2026-01-10,Total System Load,XGBoost,2496.33447265625
2026-01-11,Total System Load,XGBoost,2496.374267578125
2026-01-12,Total System Load,XGBoost,2494.259033203125
2026-01-13,Total System Load,XGBoost,2501.6044921875
2026-01-14,Total System Load,XGBoost,2497.677978515625
2026-01-15,Total System Load,XGBoost,2498.32177734375
2026-01-16,Total System Load,XGBoost,2498.27294921875
2026-01-17,Total System Load,XGBoost,2496.33447265625
2026-01-18,Total System Load,XGBoost,2496.374267578125
2026-01-19,Total System Load,XGBoost,2494.259033203125
2026-01-20,Total System Load,XGBoost,2501.6044921875
2025-12-22,HHS Care Load,Moving Average,2460.785714285714
2025-12-23,HHS Care Load,Moving Average,2460.785714285714
2025-12-24,HHS Care Load,Moving Average,2460.785714285714
2025-12-25,HHS Care Load,Moving Average,2460.785714285714
2025-12-26,HHS Care Load,Moving Average,2460.785714285714
2025-12-27,HHS Care Load,Moving Average,2460.785714285714
2025-12-28,HHS Care Load,Moving Average,2460.785714285714
2025-12-29,HHS Care Load,Moving Average,2460.785714285714
2025-12-30,HHS Care Load,Moving Average,2460.785714285714
2025-12-31,HHS Care Load,Moving Average,2460.785714285714
2026-01-01,HHS Care Load,Moving Average,2460.785714285714
2026-01-02,HHS Care Load,Moving Average,2460.785714285714
2026-01-03,HHS Care Load,Moving Average,2460.785714285714
2026-01-04,HHS Care Load,Moving Average,2460.785714285714
2026-01-05,HHS Care Load,Moving Average,2460.785714285714
2026-01-06,HHS Care Load,Moving Average,2460.785714285714
2026-01-07,HHS Care Load,Moving Average,2460.785714285714
2026-01-08,HHS Care Load,Moving Average,2460.785714285714
2026-01-09,HHS Care Load,Moving Average,2460.785714285714
2026-01-10,HHS Care Load,Moving Average,2460.785714285714
2026-01-11,HHS Care Load,Moving Average,2460.785714285714
2026-01-12,HHS Care Load,Moving Average,2460.785714285714
2026-01-13,HHS Care Load,Moving Average,2460.785714285714
2026-01-14,HHS Care Load,Moving Average,2460.785714285714
2026-01-15,HHS Care Load,Moving Average,2460.785714285714
2026-01-16,HHS Care Load,Moving Average,2460.785714285714
2026-01-17,HHS Care Load,Moving Average,2460.785714285714
2026-01-18,HHS Care Load,Moving Average,2460.785714285714
2026-01-19,HHS Care Load,Moving Average,2460.785714285714
2026-01-20,HHS Care Load,Moving Average,2460.785714285714
2025-12-22,HHS Care Load,Random Forest,2476.902677941319
2025-12-23,HHS Care Load,Random Forest,2475.214192227034
2025-12-24,HHS Care Load,Random Forest,2474.7592706397327
2025-12-25,HHS Care Load,Random Forest,2474.985325589227
2025-12-26,HHS Care Load,Random Forest,2477.0775918229942
2025-12-27,HHS Care Load,Random Forest,2478.3484930639756
2025-12-28,HHS Care Load,Random Forest,2477.825823222706
2025-12-29,HHS Care Load,Random Forest,2474.837494449256
2025-12-30,HHS Care Load,Random Forest,2474.53925857624
2025-12-31,HHS Care Load,Random Forest,2473.847801779704
2026-01-01,HHS Care Load,Random Forest,2505.7733195574824
2026-01-02,HHS Care Load,Random Forest,2539.0441851357655
2026-01-03,HHS Care Load,Random Forest,2555.937088337455
2026-01-04,HHS Care Load,Random Forest,2558.1828757524213
2026-01-05,HHS Care Load,Random Forest,2558.267772577818
2026-01-06,HHS Care Load,Random Forest,2558.2482079519677
2026-01-07,HHS Care Load,Random Forest,2557.995048541537
2026-01-08,HHS Care Load,Random Forest,2557.7315997887026
2026-01-09,HHS Care Load,Random Forest,2557.025880823541
2026-01-10,HHS Care Load,Random Forest,2557.1628010049462
2026-01-11,HHS Care Load,Random Forest,2556.995721639867
2026-01-12,HHS Care Load,Random Forest,2556.551654746443
2026-01-13,HHS Care Load,Random Forest,2556.532090120593
2026-01-14,HHS Care Load,Random Forest,2555.090924360956
2026-01-15,HHS Care Load,Random Forest,2553.949159054833
2026-01-16,HHS Care Load,Random Forest,2554.3477778756946
2026-01-17,HHS Care Load,Random Forest,2554.4097429550593
2026-01-18,HHS Care Load,Random Forest,2554.3438381931546
2026-01-19,HHS Care Load,Random Forest,2554.696790347349
2026-01-20,HHS Care Load,Random Forest,2554.696790347349
2025-12-22,HHS Care Load,Exponential Smoothing,2487.9644103750675
2025-12-23,HHS Care Load,Exponential Smoothing,2491.9288207536024
2025-12-24,HHS Care Load,Exponential Smoothing,2495.8932311321378
2025-12-25,HHS Care Load,Exponential Smoothing,2499.857641510673
2025-12-26,HHS Care Load,Exponential Smoothing,2503.822051889208
2025-12-27,HHS Care Load,Exponential Smoothing,2507.7864622677434
2025-12-28,HHS Care Load,Exponential Smoothing,2511.750872646279
2025-12-29,HHS Care Load,Exponential Smoothing,2515.715283024814
2025-12-30,HHS Care Load,Exponential Smoothing,2519.679693403349
2025-12-31,HHS Care Load,Exponential Smoothing,2523.6441037818845
2026-01-01,HHS Care Load,Exponential Smoothing,2527.60851416042
2026-01-02,HHS Care Load,Exponential Smoothing,2531.572924538955
2026-01-03,HHS Care Load,Exponential Smoothing,2535.53733491749
2026-01-04,HHS Care Load,Exponential Smoothing,2539.5017452960255
2026-01-05,HHS Care Load,Exponential Smoothing,2543.4661556745605
2026-01-06,HHS Care Load,Exponential Smoothing,2547.430566053096
2026-01-07,HHS Care Load,Exponential Smoothing,2551.394976431631
2026-01-08,HHS Care Load,Exponential Smoothing,2555.359386810166
2026-01-09,HHS Care Load,Exponential Smoothing,2559.3237971887015
2026-01-10,HHS Care Load,Exponential Smoothing,2563.288207567237
2026-01-11,HHS Care Load,Exponential Smoothing,2567.2526179457723
2026-01-12,HHS Care Load,Exponential Smoothing,2571.217028324307
2026-01-13,HHS Care Load,Exponential Smoothing,2575.1814387028426
2026-01-14,HHS Care Load,Exponential Smoothing,2579.145849081378
2026-01-15,HHS Care Load,Exponential Smoothing,2583.110259459913
2026-01-16,HHS Care Load,Exponential Smoothing,2587.0746698384482
2026-01-17,HHS Care Load,Exponential Smoothing,2591.0390802169836
2026-01-18,HHS Care Load,Exponential Smoothing,2595.0034905955185
2026-01-19,HHS Care Load,Exponential Smoothing,2598.967900974054
2026-01-20,HHS Care Load,Exponential Smoothing,2602.9323113525893
2025-12-22,HHS Care Load,SARIMA,2485.076782417173
2025-12-23,HHS Care Load,SARIMA,2486.9447629453907
2025-12-24,HHS Care Load,SARIMA,2488.4156718656623
2025-12-25,HHS Care Load,SARIMA,2487.7805349149357
2025-12-26,HHS Care Load,SARIMA,2491.7673191263802
2025-12-27,HHS Care Load,SARIMA,2495.775635914196
2025-12-28,HHS Care Load,SARIMA,2499.7922869665217
2025-12-29,HHS Care Load,SARIMA,2500.9241948540594
2025-12-30,HHS Care Load,SARIMA,2502.842694569081
2025-12-31,HHS Care Load,SARIMA,2504.3599012935874
2026-01-01,HHS Care Load,SARIMA,2503.7671935031985
2026-01-02,HHS Care Load,SARIMA,2507.792861494914
2026-01-03,HHS Care Load,SARIMA,2511.836812934845
2026-01-04,HHS Care Load,SARIMA,2515.886121008236
2026-01-05,HHS Care Load,SARIMA,2517.0479570965986
2026-01-06,HHS Care Load,SARIMA,2518.993884212387
2026-01-07,HHS Care Load,SARIMA,2520.5362265044223
2026-01-08,HHS Care Load,SARIMA,2519.9665539538773
2026-01-09,HHS Care Load,SARIMA,2524.0133323611058
2026-01-10,HHS Care Load,SARIMA,2528.0766302305146
2026-01-11,HHS Care Load,SARIMA,2532.143668145996
2026-01-12,HHS Care Load,SARIMA,2533.3217525710834
2026-01-13,HHS Care Load,SARIMA,2535.2825703127987
2026-01-14,HHS Care Load,SARIMA,2536.8385589702593
2026-01-15,HHS Care Load,SARIMA,2536.2813924950283
2026-01-16,HHS Care Load,SARIMA,2540.339631970086
2026-01-17,HHS Care Load,SARIMA,2544.413433220651
2026-01-18,HHS Care Load,SARIMA,2548.4900968549005
2026-01-19,HHS Care Load,SARIMA,2549.6770026738254
2026-01-20,HHS Care Load,SARIMA,2551.645904693828
2025-12-22,HHS Care Load,Prophet,3155.4662418309126
2025-12-23,HHS Care Load,Prophet,3207.117525262783
2025-12-24,HHS Care Load,Prophet,3221.5753318719917
2025-12-25,HHS Care Load,Prophet,3179.555882546035
2025-12-26,HHS Care Load,Prophet,3096.829470874014
2025-12-27,HHS Care Load,Prophet,3003.187704964712
2025-12-28,HHS Care Load,Prophet,2898.8418819682133
2025-12-29,HHS Care Load,Prophet,2859.0862290150217
2025-12-30,HHS Care Load,Prophet,2837.2271779442317
2025-12-31,HHS Care Load,Prophet,2779.660745228357
2026-01-01,HHS Care Load,Prophet,2668.1811966438145
2026-01-02,HHS Care Load,Prophet,2519.603662325475
2026-01-03,HHS Care Load,Prophet,2364.7099231702114
2026-01-04,HHS Care Load,Prophet,2204.626441729914
2026-01-05,HHS Care Load,Prophet,2115.4688452566975
2026-01-06,HHS Care Load,Prophet,2051.2544640758383
2026-01-07,HHS Care Load,Prophet,1958.9653835887925
2026-01-08,HHS Care Load,Prophet,1820.8455179092111
2026-01-09,HHS Care Load,Prophet,1654.0146327870962
2026-01-10,HHS Care Load,Prophet,1489.4087280414292
2026-01-11,HHS Care Load,Prophet,1328.1559647205552
2026-01-12,HHS Care Load,Prophet,1246.2223770666055
2026-01-13,HHS Care Load,Prophet,1197.3289247922714
2026-01-14,HHS Care Load,Prophet,1128.0222178021597
2026-01-15,HHS Care Load,Prophet,1019.982220278412
2026-01-16,HHS Care Load,Prophet,889.6495912266663
2026-01-17,HHS Care Load,Prophet,767.1817388599238
2026-01-18,HHS Care Load,Prophet,652.8463875978845
2026-01-19,HHS Care Load,Prophet,621.6864677419422
2026-01-20,HHS Care Load,Prophet,626.4574207357512
2025-12-22,HHS Care Load,XGBoost,2476.002685546875
2025-12-23,HHS Care Load,XGBoost,2485.658935546875
2025-12-24,HHS Care Load,XGBoost,2485.071044921875
2025-12-25,HHS Care Load,XGBoost,2483.868896484375
2025-12-26,HHS Care Load,XGBoost,2482.734375
2025-12-27,HHS Care Load,XGBoost,2482.080810546875
2025-12-28,HHS Care Load,XGBoost,2484.705078125
2025-12-29,HHS Care Load,XGBoost,2476.002685546875
2025-12-30,HHS Care Load,XGBoost,2485.658935546875
2025-12-31,HHS Care Load,XGBoost,2485.071044921875
2026-01-01,HHS Care Load,XGBoost,2477.484619140625
2026-01-02,HHS Care Load,XGBoost,2476.944580078125
2026-01-03,HHS Care Load,XGBoost,2476.291015625
2026-01-04,HHS Care Load,XGBoost,2474.805908203125
2026-01-05,HHS Care Load,XGBoost,2461.71826171875
2026-01-06,HHS Care Load,XGBoost,2446.47314453125
2026-01-07,HHS Care Load,XGBoost,2440.798828125
2026-01-08,HHS Care Load,XGBoost,2441.2099609375
2026-01-09,HHS Care Load,XGBoost,2441.56396484375
2026-01-10,HHS Care Load,XGBoost,2440.910400390625
2026-01-11,HHS Care Load,XGBoost,2439.42529296875
2026-01-12,HHS Care Load,XGBoost,2434.34375
2026-01-13,HHS Care Load,XGBoost,2443.649658203125
2026-01-14,HHS Care Load,XGBoost,2440.798828125
2026-01-15,HHS Care Load,XGBoost,2441.2099609375
2026-01-16,HHS Care Load,XGBoost,2441.56396484375
2026-01-17,HHS Care Load,XGBoost,2440.910400390625
2026-01-18,HHS Care Load,XGBoost,2439.42529296875
2026-01-19,HHS Care Load,XGBoost,2434.34375
2026-01-20,HHS Care Load,XGBoost,2443.649658203125
2025-12-22,Net Daily Intake,Moving Average,-1.9285714285714286
2025-12-23,Net Daily Intake,Moving Average,-1.9285714285714286
2025-12-24,Net Daily Intake,Moving Average,-1.9285714285714286
2025-12-25,Net Daily Intake,Moving Average,-1.9285714285714286
2025-12-26,Net Daily Intake,Moving Average,-1.9285714285714286
2025-12-27,Net Daily Intake,Moving Average,-1.9285714285714286
2025-12-28,Net Daily Intake,Moving Average,-1.9285714285714286
2025-12-29,Net Daily Intake,Moving Average,-1.9285714285714286
2025-12-30,Net Daily Intake,Moving Average,-1.9285714285714286
2025-12-31,Net Daily Intake,Moving Average,-1.9285714285714286
2026-01-01,Net Daily Intake,Moving Average,-1.9285714285714286
2026-01-02,Net Daily Intake,Moving Average,-1.9285714285714286
2026-01-03,Net Daily Intake,Moving Average,-1.9285714285714286
2026-01-04,Net Daily Intake,Moving Average,-1.9285714285714286
2026-01-05,Net Daily Intake,Moving Average,-1.9285714285714286
2026-01-06,Net Daily Intake,Moving Average,-1.9285714285714286
2026-01-07,Net Daily Intake,Moving Average,-1.9285714285714286
2026-01-08,Net Daily Intake,Moving Average,-1.9285714285714286
2026-01-09,Net Daily Intake,Moving Average,-1.9285714285714286
2026-01-10,Net Daily Intake,Moving Average,-1.9285714285714286
2026-01-11,Net Daily Intake,Moving Average,-1.9285714285714286
2026-01-12,Net Daily Intake,Moving Average,-1.9285714285714286
2026-01-13,Net Daily Intake,Moving Average,-1.9285714285714286
2026-01-14,Net Daily Intake,Moving Average,-1.9285714285714286
2026-01-15,Net Daily Intake,Moving Average,-1.9285714285714286
2026-01-16,Net Daily Intake,Moving Average,-1.9285714285714286
2026-01-17,Net Daily Intake,Moving Average,-1.9285714285714286
2026-01-18,Net Daily Intake,Moving Average,-1.9285714285714286
2026-01-19,Net Daily Intake,Moving Average,-1.9285714285714286
2026-01-20,Net Daily Intake,Moving Average,-1.9285714285714286
2025-12-22,Net Daily Intake,Random Forest,-0.8228558478558484
2025-12-23,Net Daily Intake,Random Forest,1.9125035087135087
2025-12-24,Net Daily Intake,Random Forest,-2.2007377787027766
2025-12-25,Net Daily Intake,Random Forest,-0.38795188277331133
2025-12-26,Net Daily Intake,Random Forest,0.4714447904212189
2025-12-27,Net Daily Intake,Random Forest,0.3033455242905242
2025-12-28,Net Daily Intake,Random Forest,-0.8133675060125061
2025-12-29,Net Daily Intake,Random Forest,-0.3810284511784511
2025-12-30,Net Daily Intake,Random Forest,-1.386899331409332
2025-12-31,Net Daily Intake,Random Forest,-2.067233728176585
2026-01-01,Net Daily Intake,Random Forest,2.605191840170412
2026-01-02,Net Daily Intake,Random Forest,3.364571026936025
2026-01-03,Net Daily Intake,Random Forest,3.6607821885521883
2026-01-04,Net Daily Intake,Random Forest,3.9346358147408145
2026-01-05,Net Daily Intake,Random Forest,0.5027905692455698
2026-01-06,Net Daily Intake,Random Forest,1.0708876094276087
2026-01-07,Net Daily Intake,Random Forest,1.5551479042121898
2026-01-08,Net Daily Intake,Random Forest,1.0052678258778256
2026-01-09,Net Daily Intake,Random Forest,1.985756226551226
2026-01-10,Net Daily Intake,Random Forest,2.8166653848003835
2026-01-11,Net Daily Intake,Random Forest,3.4358295646945627
2026-01-12,Net Daily Intake,Random Forest,0.801004942279942
2026-01-13,Net Daily Intake,Random Forest,0.9117672462722463
2026-01-14,Net Daily Intake,Random Forest,0.5075445093795095
2026-01-15,Net Daily Intake,Random Forest,-0.5515999807599807
2026-01-16,Net Daily Intake,Random Forest,0.7144923472823471
2026-01-17,Net Daily Intake,Random Forest,1.6512385329485326
2026-01-18,Net Daily Intake,Random Forest,2.2932077609427597
2026-01-19,Net Daily Intake,Random Forest,0.7420008369408366
2026-01-20,Net Daily Intake,Random Forest,0.37563893217893235
2025-12-22,Net Daily Intake,Exponential Smoothing,-2.6202433548630646
2025-12-23,Net Daily Intake,Exponential Smoothing,-2.230194102539193
2025-12-24,Net Daily Intake,Exponential Smoothing,-1.8401448502153213
2025-12-25,Net Daily Intake,Exponential Smoothing,-1.4500955978914498
2025-12-26,Net Daily Intake,Exponential Smoothing,-1.0600463455675784
2025-12-27,Net Daily Intake,Exponential Smoothing,-0.6699970932437065
2025-12-28,Net Daily Intake,Exponential Smoothing,-0.27994784091983504
2025-12-29,Net Daily Intake,Exponential Smoothing,0.1101014114040364
2025-12-30,Net Daily Intake,Exponential Smoothing,0.5001506637279078
2025-12-31,Net Daily Intake,Exponential Smoothing,0.8901999160517793
2026-01-01,Net Daily Intake,Exponential Smoothing,1.2802491683756507
2026-01-02,Net Daily Intake,Exponential Smoothing,1.670298420699523
2026-01-03,Net Daily Intake,Exponential Smoothing,2.0603476730233945
2026-01-04,Net Daily Intake,Exponential Smoothing,2.450396925347266
2026-01-05,Net Daily Intake,Exponential Smoothing,2.8404461776711374
2026-01-06,Net Daily Intake,Exponential Smoothing,3.230495429995009
2026-01-07,Net Daily Intake,Exponential Smoothing,3.6205446823188803
2026-01-08,Net Daily Intake,Exponential Smoothing,4.010593934642752
2026-01-09,Net Daily Intake,Exponential Smoothing,4.400643186966623
2026-01-10,Net Daily Intake,Exponential Smoothing,4.790692439290495
2026-01-11,Net Daily Intake,Exponential Smoothing,5.180741691614366
2026-01-12,Net Daily Intake,Exponential Smoothing,5.5707909439382375
2026-01-13,Net Daily Intake,Exponential Smoothing,5.960840196262109
2026-01-14,Net Daily Intake,Exponential Smoothing,6.350889448585982
2026-01-15,Net Daily Intake,Exponential Smoothing,6.740938700909854
2026-01-16,Net Daily Intake,Exponential Smoothing,7.130987953233725
2026-01-17,Net Daily Intake,Exponential Smoothing,7.5210372055575965
2026-01-18,Net Daily Intake,Exponential Smoothing,7.911086457881468
2026-01-19,Net Daily Intake,Exponential Smoothing,8.30113571020534
2026-01-20,Net Daily Intake,Exponential Smoothing,8.69118496252921
2025-12-22,Net Daily Intake,SARIMA,-4.789465397244657
2025-12-23,Net Daily Intake,SARIMA,-2.2186502266969077
2025-12-24,Net Daily Intake,SARIMA,-5.291291949424189
2025-12-25,Net Daily Intake,SARIMA,-6.138534363005164
2025-12-26,Net Daily Intake,SARIMA,-4.737325001663323
2025-12-27,Net Daily Intake,SARIMA,-3.249849116382932
2025-12-28,Net Daily Intake,SARIMA,-1.7747327441473226
2025-12-29,Net Daily Intake,SARIMA,-4.225703741497031
2025-12-30,Net Daily Intake,SARIMA,-1.993560639320814
2025-12-31,Net Daily Intake,SARIMA,-5.239592836560839
2026-01-01,Net Daily Intake,SARIMA,-6.175606245625186
2026-01-02,Net Daily Intake,SARIMA,-4.819845111247683
2026-01-03,Net Daily Intake,SARIMA,-3.355637426610471
2026-01-04,Net Daily Intake,SARIMA,-1.892433711860842
2026-01-05,Net Daily Intake,SARIMA,-4.3495036513055805
2026-01-06,Net Daily Intake,SARIMA,-2.120483034160289
2026-01-07,Net Daily Intake,SARIMA,-5.36811385500035
2026-01-08,Net Daily Intake,SARIMA,-6.304945713917707
2026-01-09,Net Daily Intake,SARIMA,-4.94960360260597
2026-01-10,Net Daily Intake,SARIMA,-3.485610445870495
2026-01-11,Net Daily Intake,SARIMA,-2.0225165633100315
2026-01-12,Net Daily Intake,SARIMA,-4.479642733714375
2026-01-13,Net Daily Intake,SARIMA,-2.2506509052224133
2026-01-14,Net Daily Intake,SARIMA,-5.498296465034851
2026-01-15,Net Daily Intake,SARIMA,-6.43513586988721
2026-01-16,Net Daily Intake,SARIMA,-5.0797976218797505
2026-01-17,Net Daily Intake,SARIMA,-3.615806443046277
2026-01-18,Net Daily Intake,SARIMA,-2.1527135731154305
2026-01-19,Net Daily Intake,SARIMA,-4.609840261957361
2026-01-20,Net Daily Intake,SARIMA,-2.38084869889071
2025-12-22,Net Daily Intake,Prophet,-17.48534685398523
2025-12-23,Net Daily Intake,Prophet,-1.4326993185688046
2025-12-24,Net Daily Intake,Prophet,-28.415554458914276
2025-12-25,Net Daily Intake,Prophet,-69.16226100825878
2025-12-26,Net Daily Intake,Prophet,-75.9770962583966
2025-12-27,Net Daily Intake,Prophet,-82.16826096972184
2025-12-28,Net Daily Intake,Prophet,-88.22639422410866
2025-12-29,Net Daily Intake,Prophet,-52.24671854880374
2025-12-30,Net Daily Intake,Prophet,-35.71149167554947
2025-12-31,Net Daily Intake,Prophet,-61.8187225550185
2026-01-01,Net Daily Intake,Prophet,-101.29711508770548
2026-01-02,Net Daily Intake,Prophet,-106.45754696395707
2026-01-03,Net Daily Intake,Prophet,-110.62095402867489
2026-01-04,Net Daily Intake,Prophet,-114.29661252322167
2026-01-05,Net Daily Intake,Prophet,-75.60393558017626
2026-01-06,Net Daily Intake,Prophet,-56.054468927835856
2026-01-07,Net Daily Intake,Prophet,-78.88005433405861
2026-01-08,Net Daily Intake,Prophet,-114.84713718499525
2026-01-09,Net Daily Intake,Prophet,-116.30754024251344
2026-01-10,Net Daily Intake,Prophet,-116.62558998084396
2026-01-11,Net Daily Intake,Prophet,-116.3556047966079
2026-01-12,Net Daily Intake,Prophet,-73.66287895347986
2026-01-13,Net Daily Intake,Prophet,-50.104864830664894
2026-01-14,Net Daily Intake,Prophet,-68.95853933627103
2026-01-15,Net Daily Intake,Prophet,-101.03394752905076
2026-01-16,Net Daily Intake,Prophet,-98.72426108223186
2026-01-17,Net Daily Intake,Prophet,-95.43225217589253
2026-01-18,Net Daily Intake,Prophet,-91.74720459203286
2026-01-19,Net Daily Intake,Prophet,-45.8654063823179
2026-01-20,Net Daily Intake,Prophet,-19.370935016597645
2025-12-22,Net Daily Intake,XGBoost,-0.9371374249458313
2025-12-23,Net Daily Intake,XGBoost,0.3682277202606201
2025-12-24,Net Daily Intake,XGBoost,-1.067409634590149
2025-12-25,Net Daily Intake,XGBoost,-3.9056191444396973
2025-12-26,Net Daily Intake,XGBoost,-1.908943772315979
2025-12-27,Net Daily Intake,XGBoost,-0.47260114550590515
2025-12-28,Net Daily Intake,XGBoost,0.4550454914569855
2025-12-29,Net Daily Intake,XGBoost,0.6584913730621338
2025-12-30,Net Daily Intake,XGBoost,0.6584913730621338
2025-12-31,Net Daily Intake,XGBoost,-1.067409634590149
2026-01-01,Net Daily Intake,XGBoost,-5.091495513916016
2026-01-02,Net Daily Intake,XGBoost,-3.35298228263855
2026-01-03,Net Daily Intake,XGBoost,-3.35298228263855
2026-01-04,Net Daily Intake,XGBoost,-3.35298228263855
2026-01-05,Net Daily Intake,XGBoost,-2.5506653785705566
2026-01-06,Net Daily Intake,XGBoost,-3.1928188800811768
2026-01-07,Net Daily Intake,XGBoost,-5.1657023429870605
2026-01-08,Net Daily Intake,XGBoost,-7.455489158630371
2026-01-09,Net Daily Intake,XGBoost,-6.068212032318115
2026-01-10,Net Daily Intake,XGBoost,-4.461155891418457
2026-01-11,Net Daily Intake,XGBoost,-3.35298228263855
2026-01-12,Net Daily Intake,XGBoost,-2.808828115463257
2026-01-13,Net Daily Intake,XGBoost,-2.9346559047698975
2026-01-14,Net Daily Intake,XGBoost,-4.349628448486328
2026-01-15,Net Daily Intake,XGBoost,-8.10566520690918
2026-01-16,Net Daily Intake,XGBoost,-6.068212032318115
2026-01-17,Net Daily Intake,XGBoost,-4.461155891418457
2026-01-18,Net Daily Intake,XGBoost,-3.35298228263855
2026-01-19,Net Daily Intake,XGBoost,-2.808828115463257
2026-01-20,Net Daily Intake,XGBoost,-3.1928188800811768
2025-12-22,Discharge Volume,Moving Average,10.214285714285714
2025-12-23,Discharge Volume,Moving Average,10.214285714285714
2025-12-24,Discharge Volume,Moving Average,10.214285714285714
2025-12-25,Discharge Volume,Moving Average,10.214285714285714
2025-12-26,Discharge Volume,Moving Average,10.214285714285714
2025-12-27,Discharge Volume,Moving Average,10.214285714285714
2025-12-28,Discharge Volume,Moving Average,10.214285714285714
2025-12-29,Discharge Volume,Moving Average,10.214285714285714
2025-12-30,Discharge Volume,Moving Average,10.214285714285714
2025-12-31,Discharge Volume,Moving Average,10.214285714285714
2026-01-01,Discharge Volume,Moving Average,10.214285714285714
2026-01-02,Discharge Volume,Moving Average,10.214285714285714
2026-01-03,Discharge Volume,Moving Average,10.214285714285714
2026-01-04,Discharge Volume,Moving Average,10.214285714285714
2026-01-05,Discharge Volume,Moving Average,10.214285714285714
2026-01-06,Discharge Volume,Moving Average,10.214285714285714
2026-01-07,Discharge Volume,Moving Average,10.214285714285714
2026-01-08,Discharge Volume,Moving Average,10.214285714285714
2026-01-09,Discharge Volume,Moving Average,10.214285714285714
2026-01-10,Discharge Volume,Moving Average,10.214285714285714
2026-01-11,Discharge Volume,Moving Average,10.214285714285714
2026-01-12,Discharge Volume,Moving Average,10.214285714285714
2026-01-13,Discharge Volume,Moving Average,10.214285714285714
2026-01-14,Discharge Volume,Moving Average,10.214285714285714
2026-01-15,Discharge Volume,Moving Average,10.214285714285714
2026-01-16,Discharge Volume,Moving Average,10.214285714285714
2026-01-17,Discharge Volume,Moving Average,10.214285714285714
2026-01-18,Discharge Volume,Moving Average,10.214285714285714
2026-01-19,Discharge Volume,Moving Average,10.214285714285714
2026-01-20,Discharge Volume,Moving Average,10.214285714285714
2025-12-22,Discharge Volume,Random Forest,10.988220916649494
2025-12-23,Discharge Volume,Random Forest,9.495056952994103
2025-12-24,Discharge Volume,Random Forest,10.026856774336776
2025-12-25,Discharge Volume,Random Forest,10.653425796055792
2025-12-26,Discharge Volume,Random Forest,9.532972164502162
2025-12-27,Discharge Volume,Random Forest,8.31017039442039
2025-12-28,Discharge Volume,Random Forest,6.831849333999337
2025-12-29,Discharge Volume,Random Forest,10.165078354978357
2025-12-30,Discharge Volume,Random Forest,9.660192834255696
2025-12-31,Discharge Volume,Random Forest,9.526432169312173
2026-01-01,Discharge Volume,Random Forest,12.564615605029893
2026-01-02,Discharge Volume,Random Forest,11.199286601388044
2026-01-03,Discharge Volume,Random Forest,9.557258087679523
2026-01-04,Discharge Volume,Random Forest,6.976895863395861
2026-01-05,Discharge Volume,Random Forest,9.05176211788212
2026-01-06,Discharge Volume,Random Forest,10.041761980241981
2026-01-07,Discharge Volume,Random Forest,10.587254403691547
2026-01-08,Discharge Volume,Random Forest,11.173192650101223
2026-01-09,Discharge Volume,Random Forest,10.23161777571635
2026-01-10,Discharge Volume,Random Forest,9.129909903799906
2026-01-11,Discharge Volume,Random Forest,6.433346488696487
2026-01-12,Discharge Volume,Random Forest,8.936852240352241
2026-01-13,Discharge Volume,Random Forest,9.6498526007326
2026-01-14,Discharge Volume,Random Forest,10.37645192585192
2026-01-15,Discharge Volume,Random Forest,11.852867243867243
2026-01-16,Discharge Volume,Random Forest,10.60948484230056
2026-01-17,Discharge Volume,Random Forest,8.80803826358826
2026-01-18,Discharge Volume,Random Forest,6.372004625004624
2026-01-19,Discharge Volume,Random Forest,10.09678494838495
2026-01-20,Discharge Volume,Random Forest,10.365927737024881
2025-12-22,Discharge Volume,Exponential Smoothing,13.58894311612679
2025-12-23,Discharge Volume,Exponential Smoothing,13.177886228444699
2025-12-24,Discharge Volume,Exponential Smoothing,12.766829340762605
2025-12-25,Discharge Volume,Exponential Smoothing,12.355772453080514
2025-12-26,Discharge Volume,Exponential Smoothing,11.944715565398422
2025-12-27,Discharge Volume,Exponential Smoothing,11.533658677716328
2025-12-28,Discharge Volume,Exponential Smoothing,11.122601790034237
2025-12-29,Discharge Volume,Exponential Smoothing,10.711544902352145
2025-12-30,Discharge Volume,Exponential Smoothing,10.300488014670053
2025-12-31,Discharge Volume,Exponential Smoothing,9.889431126987962
2026-01-01,Discharge Volume,Exponential Smoothing,9.478374239305868
2026-01-02,Discharge Volume,Exponential Smoothing,9.067317351623776
2026-01-03,Discharge Volume,Exponential Smoothing,8.656260463941685
2026-01-04,Discharge Volume,Exponential Smoothing,8.245203576259591
2026-01-05,Discharge Volume,Exponential Smoothing,7.8341466885774995
2026-01-06,Discharge Volume,Exponential Smoothing,7.423089800895408
2026-01-07,Discharge Volume,Exponential Smoothing,7.012032913213316
2026-01-08,Discharge Volume,Exponential Smoothing,6.6009760255312235
2026-01-09,Discharge Volume,Exponential Smoothing,6.189919137849131
2026-01-10,Discharge Volume,Exponential Smoothing,5.778862250167039
2026-01-11,Discharge Volume,Exponential Smoothing,5.3678053624849476
2026-01-12,Discharge Volume,Exponential Smoothing,4.956748474802854
2026-01-13,Discharge Volume,Exponential Smoothing,4.545691587120762
2026-01-14,Discharge Volume,Exponential Smoothing,4.134634699438671
2026-01-15,Discharge Volume,Exponential Smoothing,3.723577811756579
2026-01-16,Discharge Volume,Exponential Smoothing,3.3125209240744873
2026-01-17,Discharge Volume,Exponential Smoothing,2.901464036392394
2026-01-18,Discharge Volume,Exponential Smoothing,2.490407148710302
2026-01-19,Discharge Volume,Exponential Smoothing,2.0793502610282104
2026-01-20,Discharge Volume,Exponential Smoothing,1.668293373346117
2025-12-22,Discharge Volume,SARIMA,14.309419314544328
2025-12-23,Discharge Volume,SARIMA,13.852852730913156
2025-12-24,Discharge Volume,SARIMA,14.37819459841042
2025-12-25,Discharge Volume,SARIMA,15.640962225320495
2025-12-26,Discharge Volume,SARIMA,13.616508594701308
2025-12-27,Discharge Volume,SARIMA,11.688880001820783
2025-12-28,Discharge Volume,SARIMA,9.826495536719799
2025-12-29,Discharge Volume,SARIMA,11.831259068922192
2025-12-30,Discharge Volume,SARIMA,12.406981754398485
2025-12-31,Discharge Volume,SARIMA,13.560881011017862
2026-01-01,Discharge Volume,SARIMA,15.206375072507273
2026-01-02,Discharge Volume,SARIMA,13.414962252895641
2026-01-03,Discharge Volume,SARIMA,11.629231409133888
2026-01-04,Discharge Volume,SARIMA,9.853247995925573
2026-01-05,Discharge Volume,SARIMA,11.910620831760479
2026-01-06,Discharge Volume,SARIMA,12.518377141458574
2026-01-07,Discharge Volume,SARIMA,13.69178156180244
2026-01-08,Discharge Volume,SARIMA,15.349152250465998
2026-01-09,Discharge Volume,SARIMA,13.564971068333863
2026-01-10,Discharge Volume,SARIMA,11.78364354378623
2026-01-11,Discharge Volume,SARIMA,10.01034129651805
2026-01-12,Discharge Volume,SARIMA,12.0693466850817
2026-01-13,Discharge Volume,SARIMA,12.678097050527047
2026-01-14,Discharge Volume,SARIMA,13.852106747999944
2026-01-15,Discharge Volume,SARIMA,15.509845987827703
2026-01-16,Discharge Volume,SARIMA,13.725889215233142
2026-01-17,Discharge Volume,SARIMA,11.944698332881892
2026-01-18,Discharge Volume,SARIMA,10.1714792865776
2026-01-19,Discharge Volume,SARIMA,12.230535335922294
2026-01-20,Discharge Volume,SARIMA,12.839316548543152
2025-12-22,Discharge Volume,Prophet,3.185393291478171
2025-12-23,Discharge Volume,Prophet,-16.59056123577097
2025-12-24,Discharge Volume,Prophet,10.519083784394013
2025-12-25,Discharge Volume,Prophet,48.74215077099414
2025-12-26,Discharge Volume,Prophet,48.953632394161644
2025-12-27,Discharge Volume,Prophet,48.34640612149749
2025-12-28,Discharge Volume,Prophet,47.56690636711017
2025-12-29,Discharge Volume,Prophet,-0.7935779270166918
2025-12-30,Discharge Volume,Prophet,-21.76205941018805
2025-12-31,Discharge Volume,Prophet,4.161609744668851
2026-01-01,Discharge Volume,Prophet,41.20726915953675
2026-01-02,Discharge Volume,Prophet,40.25177178955625
2026-01-03,Discharge Volume,Prophet,38.48985842575463
2026-01-04,Discharge Volume,Prophet,36.569986142005064
2026-01-05,Discharge Volume,Prophet,-12.914227905932783
2026-01-06,Discharge Volume,Prophet,-34.987032516955175
2026-01-07,Discharge Volume,Prophet,-10.144971921061213
2026-01-08,Discharge Volume,Prophet,25.845727601424223
2026-01-09,Discharge Volume,Prophet,23.866531061985825
2026-01-10,Discharge Volume,Prophet,21.117487950803216
2026-01-11,Discharge Volume,Prophet,18.25304450311959
2026-01-12,Discharge Volume,Prophet,-32.12656412098959
2026-01-13,Discharge Volume,Prophet,-55.03842630972251
2026-01-14,Discharge Volume,Prophet,-30.971502919655844
2026-01-15,Discharge Volume,Prophet,4.315836602999596
2026-01-16,Discharge Volume,Prophet,1.7130120099567492
2026-01-17,Discharge Volume,Prophet,-1.5720712217148787
2026-01-18,Discharge Volume,Prophet,-4.877421639292848
2026-01-19,Discharge Volume,Prophet,-55.595790634429065
2026-01-20,Discharge Volume,Prophet,-78.73800808300447
2025-12-22,Discharge Volume,XGBoost,12.746844291687012
2025-12-23,Discharge Volume,XGBoost,12.13791275024414
2025-12-24,Discharge Volume,XGBoost,13.639233589172363
2025-12-25,Discharge Volume,XGBoost,17.137569427490234
2025-12-26,Discharge Volume,XGBoost,14.294584274291992
2025-12-27,Discharge Volume,XGBoost,13.031617164611816
2025-12-28,Discharge Volume,XGBoost,11.7946195602417
2025-12-29,Discharge Volume,XGBoost,11.8018798828125
2025-12-30,Discharge Volume,XGBoost,12.258406639099121
2025-12-31,Discharge Volume,XGBoost,13.862342834472656
2026-01-01,Discharge Volume,XGBoost,17.055265426635742
2026-01-02,Discharge Volume,XGBoost,13.065120697021484
2026-01-03,Discharge Volume,XGBoost,10.565155982971191
2026-01-04,Discharge Volume,XGBoost,9.822247505187988
2026-01-05,Discharge Volume,XGBoost,9.8568696975708
2026-01-06,Discharge Volume,XGBoost,10.238030433654785
2026-01-07,Discharge Volume,XGBoost,12.944924354553223
2026-01-08,Discharge Volume,XGBoost,16.114227294921875
2026-01-09,Discharge Volume,XGBoost,13.065120697021484
2026-01-10,Discharge Volume,XGBoost,10.342047691345215
2026-01-11,Discharge Volume,XGBoost,9.101061820983887
2026-01-12,Discharge Volume,XGBoost,9.1356840133667
2026-01-13,Discharge Volume,XGBoost,10.014921188354492
2026-01-14,Discharge Volume,XGBoost,12.944924354553223
2026-01-15,Discharge Volume,XGBoost,15.908098220825195
2026-01-16,Discharge Volume,XGBoost,12.195489883422852
2026-01-17,Discharge Volume,XGBoost,9.697622299194336
2026-01-18,Discharge Volume,XGBoost,7.937071323394775
2026-01-19,Discharge Volume,XGBoost,9.1356840133667
2026-01-20,Discharge Volume,XGBoost,10.014921188354492
